"v_idreview";"v_descmarca";"v_descmodelo"
"1926";"La Sportiva";"Bushido 2"
"1927";"La Sportiva";"Kaptiva"
"1928";"Salomon";"Sense Ride 2"
"1930";"New Balance";"Summit K.O.M."
"1933";"Minimal Sandals";"New Crep"
"1936";"Merrell";"All Out Crush 2"
"1937";"Dynafit";"Feline Up Pro"
"1938";"Arc'teryx";"Norvan SL"
"1939";"Scarpa";"Spin Ultra"
"1940";"Adidas";"Terrex Agravic Speed LD"
"1944";"Dynafit";"Feline Up"
"1946";"Scarpa";"Proton XT"
"1950";"The North Face";"Flight Trinity"
"1953";"Inov-8";"Terraultra G 260"
"1954";"Salomon";"Odyssey Triple Crown"
"1955";"Hoka";"Speedgoat 3"
"1956";"Salomon";"Sense Max 2"
"1957";"Hoka";"Challenger ATR 5"
"1958";"Raidlight";"Revolutiv"
"1960";"Vibram Fivefingers";"V-Aqua"
"1961";"Columbia";"Montrail Alpine FTG"
"1966";"Dynafit";"Trailbreaker Evo"
"1967";"Raidlight";"Responsiv XP"
"1968";"New Balance";"Summit Q.O.M."
"1969";"Garmont";"9.81 Fast"
"1970";"Garmont";"9.81 Fast"
"1972";"Garmont";"9.81 Grid"
"1975";"Merrell";"Trail Glove 4 Shield"
"1980";"Adidas";"Terrex Skychaser LT"
"1981";"Topo Athletic";"Hydroventure 2"
"1982";"Salomon";"Sense Ride GTX Invisible Fit"
"1983";"Merrell";"Agility Peak Flex 3"
"1984";"Salomon";"Sense Escape GTX"
"1985";"Hoka";"Stinson ATR 5"
"1988";"Altra";"Timp 1.5"
"1989";"Merrell";"Trail Glove 5"
"1990";"Altra";"Superior 4.0"
"1992";"Adidas";"Kanadia Trail"
"1993";"Under Armour";"Syncline"
"1994";"Mizuno";"Wave Ibuki GTX"
"1995";"Garmont";"9.81 Grid"
"1996";"Nike";"Wildhorse 5"
"1997";"Berg Outdoor";"Armada"
"1999";"Nike";"Terra Kiger 5"
"2001";"Vibram Fivefingers";"V-Trail 2.0"
"2003";"Merrell";"Antora"
"2005";"Topo Athletic";"Ultraventure"
"2009";"Asics";"Gel Kanaku 3"
"2010";"New Balance";"Fresh Foam Gobi v3"
"2012";"La Sportiva";"Lycan Woman GTX"
"2014";"Garmont";"9.81 Track GTX"
"2018";"Kailas";"Fuga Pro"
"2022";"Adidas";"Terrex Speed GTX"
"2024";"Altra";"Olympus 3.5"
"2025";"Asics";"FujiTrabuco 7"
"2026";"Topo Athletic";"Terraventure 2"
"2027";"New Balance";"Fresh Foam Hierro v4"
"2028";"Mizuno";"Wave Daichi 4"
"2029";"Altra";"King MT 2.0"
"2030";"Altra";"Vanish-XC"
"2031";"Salomon";"Supercross"
"2033";"Brooks";"Cascadia 14"
"2034";"Hoka";"Evo Mafate 2"
"2035";"Mizuno";"Wave Hayate 5"
"2036";"Salomon";"S-Lab Ultra 2"
"2037";"Saucony";"Peregrine ISO"
"2038";"Salomon";"SpeedCross 4 GTX Nocturne 2"
"2039";"New Balance";"Summit K.O.M. GTX"
"2047";"The North Face";"Corvara"
"2049";"Topo Athletic";"MT 3"
"2051";"La Sportiva";"Blizzard GTX"
"2052";"Brooks";"Caldera 3"
"2054";"Salomon";"XA Alpine Pro"
"2055";"Saucony";"Mad River TR"
"2056";"Raidlight";"Responsiv Ultra"
"2059";"Raidlight";"Responsiv Dynamic"
"2060";"Brooks";"PureGrit 8"
"2061";"Saucony";"Switchback ISO"
"2062";"The North Face";"Rovereto"
"2064";"Salomon";"S-Lab XA Amphib 2"
"2065";"Inov-8";"Mudclaw G 260"
"2066";"Adidas";"Terrex Agravic Boa"
"2067";"Diadora";"Mythos Blushield Trail"
"2071";"Hoka";"Speedgoat 3 Skyshell"
"2074";"La Sportiva";"Kaptiva GTX Invisible Fit"
"2075";"Arc'teryx";"Norvan VT 2"
"2076";"Skechers";"GOrun Speed Trail Hyper"
"2077";"Salming";"Trail Hydro"
"2081";"Merrell";"Bare Access XTR"
"2085";"Craft";"OCRxCTM"
"2087";"VJ Sport";"MAXx"
"2090";"Topo Athletic";"MTN Racer"
"2092";"Asics";"Alpine XT 2"
"2093";"Merrell";"Bare Access Flex 2"
"2095";"361";"Taroko"
"2098";"Joma";"Rase XR 2"
"2104";"VJ Sport";"Irock 3"
"2110";"Salomon";"S-Lab XA Alpine 2"
"2111";"Garmont";"9.81 N Air G S GTX Surround"
"2113";"Garmont";"9.81 N Air G S Mid GTX Surround"
"2116";"Merrell";"MTL Astrum"
"2120";"Craft";"Nordic Beast"
"2123";"Inov-8";"Roclite G 275"
"2126";"Salomon";"SpeedCross 5 GTX"
"2130";"Inov-8";"Parkclaw 240"
"2132";"Inov-8";"ArticTalon 275"
"2133";"Inov-8";"Roclite 300"
"2139";"Scott";"Kinabalu RC 2.0"
"2146";"Inov-8";"Trailroc G 280"
"2153";"Scott";"Supertrac Ultra RC W"
"2162";"Saucony";"Guide ISO 2 TR"
"2169";"Tecnica";"Origin XT"
"2171";"Asics";"Fuji Trabuco Pro"
"2173";"New Balance";"Fresh Foam Hierro BOA"
"2177";"La Sportiva";"Jackal"
"2178";"La Sportiva";"Lycan 2"
"2179";"Adidas";"Terrex Two Ultra Parley"
"2180";"Scott";"Supertrac 2.0"
"2182";"Altra";"Timp 2.0"
"2183";"Merrell";"MTL Long Sky"
"2184";"Arc'teryx";"Norvan LD 2"
"2186";"Adidas";"Terrex Free Hiker"
"2188";"Nike";"Air Zoom Pegasus 36 Trail"
"2194";"Dynafit";"Ultra 100 - 2020"
"2200";"On";"Cloudventure Peak"
"2201";"Merrell";"MTL Skyfire"
"2203";"La Sportiva";"Helios 3"
"2204";"The North Face";"Ultra Endurance XF Future Light"
"2205";"Mizuno";"Wave Mujin 6"
"2206";"Adidas";"Terrex Agravic TR"
"2207";"Hoka";"Evo Speedgoat"
"2209";"Mizuno";"Wave Ibuki 2"
"2211";"New Balance";"Nitrel v3"
"2212";"Asics";"FujiTrabuco Sky"
"2213";"New Balance";"Fresh Foam Kaymin Trail v2"
"2216";"Joma";"Olimpo 3"
"2218";"Joma";"Sierra 4"
"2219";"Icebug";"Newrun RB9 GTX"
"2220";"Adidas";"Terrex Agravic Flow"
"2221";"Merrell";"Nova Rainbow"
"2229";"Adidas";"Terrex Speed GTX"
"2231";"Altra";"Lone Peak 4.5"
"2232";"Kailas";"Fuga 3.0"
"2233";"Dynafit";"Feline SL"
"2235";"Scarpa";"Rush"
"2240";"Salomon";"XA Elevate 2"
"2246";"Salewa";"Speed Beat Gore-Tex"
"2247";"New Balance";"Fresh Foam Hierro v5"
"2249";"Salming";"Wetroc"
"2250";"Raidlight";"Revolutiv Protect"
"2251";"Salomon";"Alphacross"
"2252";"Merrell";"Bare Access XTR Eco"
"2254";"Hoka";"Speedgoat 4"
"2255";"CimAlp";"864 Drop Control v2.0"
"2257";"Brooks";"Divide"
"2258";"Saucony";"Peregrine 10"
"2259";"New Balance";"Fresh Foam Arishi Trail"
"2260";"Adidas";"Terrex Two"
"2261";"Salewa";"Dropline"
"2262";"Adidas";"Terrex Agravic 2020"
"2265";"La Sportiva";"VK BOA"
"2268";"Mizuno";"Wave Daichi 5"
"2269";"Salomon";"S-Lab Ultra 3 - 2020"
"2270";"Joma";"Shock"
"2271";"Saucony";"Xodus 10"
"2272";"Salomon";"S-Lab Cross"
"2273";"Hoka";"Torrent 2"
"2277";"Altra";"Superior 4.5"
"2278";"Saucony";"Mad River TR 2"
"2279";"Salomon";"S-Lab Sense 8"
"2280";"La Sportiva";"Jackal GTX"
"2281";"Altra";"Olympus 4.0"
"2282";"Salomon";"Sense Ride 3"
"2283";"Arc'teryx";"Norvan SL GTX"
"2286";"Mizuno";"Wave Hayate 6"
"2288";"Salomon";"Sense Pro 4"
"2289";"Asics";"FujiTrabuco Lyte"
"2290";"Adidas";"Terrex Agravic Tech Pro"
"2292";"Salming";"Trail 6"
"2293";"Dynafit";"Sky Pro"
"2294";"Asics";"FujiTrabuco 8"
"2295";"Salomon";"Cross Pro"
"2296";"New Balance";"Fresh Foam More Trail v1"
"2297";"Saucony";"Switchback 2 BOA"
"2298";"The North Face";"Ultra Endurance XF"
"2300";"Salomon";"S-Lab Sense 8 SG"
"2301";"Saucony";"Canyon TR"
"2304";"Brooks";"Cascadia 15"
"2305";"New Balance";"Fresh Foam Hierro v5 GTX"
"2306";"Brooks";"Caldera 4"
"2307";"Saucony";"Peregrine 10 ST"
"2309";"Salomon";"Sense Feel"
"2311";"Salomon";"Sense Flow"
"2315";"OriocX";"Sparta"
"2316";"Skechers";"GOtrail Hyper Burst"
"2317";"Under Armour";"HOVR Machina Off Road"
"2318";"Salomon";"Wildcross"
"2320";"Montrail";"FKT Lite"
"2321";"Craft";"Nordic Fuseknit"
"2322";"Joma";"Rase XR 3"
"2324";"Merrell";"Rubato"
"2327";"Hoka";"TenNine"
"2329";"Nike";"Wildhorse 6"
"2330";"Nike";"Terra Kiger 6"
"2331";"Hoka";"Speedgoat Mid 2 GTX"
"2332";"The North Face";"Ultra Swift"
"2333";"Montrail";"FKT Attempt"
"2335";"Salming";"Elements 3"
"2342";"Xero";"Mesa Trail"
"2343";"Merrell";"Agility Synthesis Zero"
"2345";"New Balance";"Summit Unknown v2"
"2346";"Adidas";"Terrex Two GTX"
"2347";"Montrail";"FKT"
"2348";"Hoka";"Challenger ATR 5 Gore-Tex"
"2349";"Brooks";"Cascadia 15 GTX"
"2354";"Montrail";"Trans Alps FKT 3"
"2356";"Merrell";"Nova 2 GTX"
"2357";"Kailas";"Fling 100"
"2360";"Adidas";"Terrex Two Boa"
"2361";"Nike";"Air Zoom Pegasus 37 Trail"
"2362";"Hoka";"Stinson ATR 6"
"2365";"Dynafit";"Ultra 100 W - 2020"
"2366";"Salomon";"XA Pro 3D v8"
"2367";"OriocX";"Malmo"
"2369";"Hoka";"Evo Racer ATR"
"2372";"Salomon";"XA Wild"
"2374";"Dynafit";"Alpine DNA"
"2375";"Dynafit";"Alpine"
"2377";"Salomon";"SpeedCross Sandal"
"2378";"Topo Athletic";"Trailventure"
"2380";"Columbia";"Facet 15"
"2381";"Joma";"Trek"
"2385";"Nike";"Pegasus Trail 2"
"2386";"Scott";"Supertrac RC 2"
"2387";"Scott";"Kinabalu Ultra RC"
"2390";"CimAlp";"864 Drop Evolution"
"2393";"La Sportiva";"Karacal"
"2394";"La Sportiva";"Cyklon"
"2395";"La Sportiva";"Ultra Raptor II Mid GTX"
"2397";"Nvii";"Terra TT"
"2406";"Mammut";"Saentis Low"
"2413";"Tecnica";"Plasma S"
"2416";"Evadict";"MT Cushion"
"2417";"Evadict";"MT2"
"2418";"The North Face";"Flight VECTIV"
"2419";"New Balance";"Fresh Foam More Trail v1 W"
"2420";"New Balance";"Nitrel v4"
"2426";"Mizuno";"Wave Mujin 7"
"2428";"New Balance";"Fresh Foam Hierro v6"
"2429";"Scott";"Kinabalu 2"
"2432";"Hoka";"Challenger ATR 6"
"2433";"Hoka";"Mafate Speed 3"
"2434";"Salomon";"Challenger ATR 5 Gore-tex"
"2437";"Merrell";"Agility Peak 4"
"2438";"Merrell";"Moab Flight"
"2445";"Kailas";"Fuga Pro 3"
"2446";"On";"Cloudultra"
"2448";"Altra";"Lone Peak 5"
"2449";"Kailas";"Fuga EX"
"2450";"New Balance";"Shando Ruju"
"2451";"Asics";"Trabuco 9"
"2455";"New Balance";"Shando Ruju W"
"2456";"Asics";"Trabuco Max"
"2457";"Mizuno";"Wave Daichi 6"
"2458";"Altra";"Timp 3"
"2459";"Mizuno";"Wave Ibuki 3"
"2460";"Salomon";"Sense Ride 4"
"2461";"Salomon";"Wings Pro"
"2462";"Saucony";"Endorphin Trail"
"2464";"Nike";"Terra Kiger 7"
"2465";"Adidas";"Terrex Agravic Ultra"
"2466";"Adidas";"Terrex Speed Pro"
"2467";"Adidas";"Terrex Speed Ultra"
"2468";"Salomon";"S-Lab Pulsar"
"2470";"New Balance";"Fresh Foam Hierro v6 W"
"2471";"Saucony";"Peregrine 11"
"2475";"Salomon";"X Ultra 4 Gore-Tex"
"2478";"Nike";"Wildhorse 7"
"2479";"Salomon";"Wings Sky"
"2480";"Inov-8";"Terraultra G 270"
"2482";"Brooks";"Catamount"
"2485";"Brooks";"Caldera 5"
"2486";"Topo Athletic";"Ultraventure 2"
"2487";"Salewa";"Ultra Train 3"
"2488";"Inov-8";"TrailFly Ultra G 300 Max"
"2489";"Hoka";"Zinal"
"2492";"Salewa";"Ultra Flex 2 Mid Gore-Tex"
"2494";"Topo Athletic";"Ultraventure Pro"
"2497";"Saucony";"Xodus 11"
"2499";"Asics";"Gel Trabuco Terra"
"2502";"Dynafit";"Ultra 50 GTX"
"2503";"Salomon";"Sense Feel 2"
"2505";"Merrell";"Trail Glove 6"
"2507";"Salomon";"Sense Flow 2"
"2509";"Nike";"Pegasus Trail 3"
"2511";"Altra";"Superior 5"
"2512";"Salomon";"Ultra Glide"
"2513";"Joma";"Sierra 5"
"2514";"CimAlp";"864 Drop Evo F"
"2515";"Topo Athletic";"MTN Racer 2"
"2517";"La Sportiva";"Akasha II"
"2518";"Brooks";"Cascadia 16"
"2519";"Salewa";"Dropline Mid"
"2523";"Merrell";"MTL Skyfire Race Day"
"2524";"Salomon";"Cross Pro 2"
"2526";"La Sportiva";"Bushido 2 GTX"
"2527";"Brooks";"Divide 2"
"2529";"Mizuno";"Wave Mujin 8"
"2531";"Salomon";"Supercross 3"
"2533";"Asics";"Fuji Lite 2"
"2535";"Merrell";"MTL Long Sky 2"
"2536";"Topo Athletic";"Terraventure 3"
"2537";"Scarpa";"Ribelle Run"
"2538";"Raidlight";"Responsiv Ultra 2.0"
"2539";"Asics";"FujiSpeed"
"2540";"Asics";"Gel Trabuco 10"
"2541";"New Balance";"Fresh Foam More Trail v2"
"2542";"Scarpa";"Spin Infinity"
"2543";"Scarpa";"Spin 2.0"
"2544";"Salomon";"S-Lab Cross 2"
"2546";"Evadict";"Race Light"
"2549";"OriocX";"Etna 21 Pro"
"2551";"New Balance";"Fresh Foam Hierro v6 GTX"
"2552";"Scarpa";"Golden Gate ATR"
"2553";"Saucony";"Peregrine 11 ST"
"2554";"Salomon";"Wildcross 2"
"2558";"Raidlight";"Revolutiv 2.0"
"2562";"Salomon";"Alphacross 3"
"2563";"Icebug";"Sisu RB9X"
"2565";"Salomon";"Madcross"
"2566";"Merrell";"MTL MQM"
"2567";"New Balance";"Fresh Foam Hierro v7"
"2568";"Enda";"Koobi Fora"
"2569";"Hoka";"Speedgoat 5"
"2571";"Hoka";"Tecton X"
"2573";"Tecnica";"Magma S GTX"
"2574";"Inov-8";"RocFly G 390"
"2576";"Altra";"Mont Blanc"
"2577";"Salomon";"Pulsar Trail Pro"
"2578";"Speedland";"SL PDX"
"2579";"Craft";"CTM Ultra Carbon Trail"
"2580";"Salomon";"Pulsar Trail"
"2581";"Salomon";"SpeedCross 6"
"2582";"Salomon";"S-Lab Pulsar Soft Ground"
"2587";"Saucony";"Endorphin Edge"
"2588";"Saucony";"Peregrine 12"
"2589";"Saucony";"Xodus Ultra"
"2590";"Altra";"Lone Peak 6"
"2591";"Altra";"Mont Blanc BOA"
"2592";"Hoka";"Mafate Speed 4"
"2593";"Altra";"Olympus 5"
"2594";"Craft";"CTM Ultra Trail"
"2595";"Altra";"Timp 4"
"2603";"CimAlp";"X-Trail"
"2606";"La Sportiva";"Cyklon Cross GTX"
"2607";"Altra";"Outroad"
"2610";"Scott";"Supertrac 3"
"2612";"The North Face";"VECTIV Enduris II"
"2613";"361";"Taroko 3"
"2614";"Scarpa";"Spin Infinity GTX"
"2615";"Salomon";"Hypulse"
"2616";"Scarpa";"Golden Gate Kima RT"
"2618";"Nike";"Air Zoom Terra Kiger 8"
"2619";"The North Face";"VECTIV Infinite"
"2620";"Mizuno";"Wave Daichi 7"
"2621";"On";"Cloudvista"
"2623";"Puma";"Voyage Nitro"
"2627";"VJ Sport";"Ultra"
"2629";"Craft";"Advanced Nordic Speed 2"
"2630";"Joma";"Rase"
"2631";"Topo Athletic";"MT-4"
"2633";"Topo Athletic";"Runventure 4"
"2635";"Reebok";"Energy 4 Adventure"
"2638";"Joma";"Sima"
"2639";"Dynafit";"Ultra 50"
"2640";"Adidas";"Terrex Agravic Pro"
"2642";"New Balance";"Fresh Foam Hierro v7 Mid"
"2643";"Evadict";"Race Ultra"
"2644";"Brooks";"Caldera 6"
"2646";"Merrell";"Bravada 2 WP"
"2647";"Nike";"React Pegasus Trail 4"
"2654";"Adidas";"Terrex Soulstride Ultra"
"2656";"Salomon";"Sense Ride 5"
"2657";"Salomon";"Ultra Glide 2"
"2658";"La Sportiva";"Jackal II"
"2659";"La Sportiva";"Jackal II BOA"
"2660";"Adidas";"Terrex Soulstride Flow"
"2661";"Dynafit";"Sky DNA"
"2662";"Atom";"Terra Waterproof"
"2663";"Merrell";"MTL Skyfire 2"
"2664";"Saucony";"Xodus Ultra 2"
"2665";"Saucony";"Peregrine 13"
"2668";"Scarpa";"Spin Planet"
"2669";"Scarpa";"Ribelle Run Kalibra G"
"2670";"Salomon";"Pulsar Trail Pro 2"
"2673";"Salomon";"S-Lab Ultra 3"
"2674";"Salomon";"Glide Max TR"
"2675";"On";"Cloudventure Peak 3"
"2677";"Saucony";"Endorphin Trail Mid"
"2678";"Scott";"Ultra Carbon RC"
"2679";"Salomon";"S-Lab Genesis"
"2680";"Salomon";"Supercross 4"
"2681";"Salomon";"Alphacross 4"
"2682";"Altra";"Lone Peak 7"
"2690";"Mizuno";"Wave Rider TT 2022"
"2696";"NNormal";"Kjerag"
"2697";"Asics";"Fuji Lite 3"
"2698";"Merrell";"Agility Peak 4 Gore-Tex"
"2700";"Nike";"ZoomX Zegama"
"2701";"New Balance";"DynaSoft Nitrel v5"
"2702";"New Balance";"FuelCell Summit Unknown v3"
"2704";"NNormal";"Tomir"
"2706";"NNormal";"Tomir Waterproof"
"2707";"Raidlight";"Responsiv Ultra 3.0"
"2709";"Merrell";"Agility Peak 4 Gore-Tex"
"2710";"Inov-8";"TrailFly Ultra G 280"
"2711";"Raidlight";"Ascendo"
"2713";"Hoka";"Anacapa Mid Gore-Tex"
"2715";"Saucony";"Ride 15 TR"
"2717";"NNormal";"Bota Tomir Waterproof"
"2718";"Raidlight";"Revolutiv 3.0"
"2720";"Adidas";"Terrex Agravic Flow 2"
"2726";"Dynafit";"Ultra 100"
"2729";"Speedland";"GS TAM"
"2730";"Naked";"T-r"
"2731";"Millet";"Intense"
"2732";"Kailas";"Fuga EX 2"
"2735";"On";"Cloudvista Waterproof"
"2738";"Nike";"Ultrafly"
"2739";"Hoka";"Tecton X 2"
"2742";"The North Face";"Summit VECTIV Pro"
"2743";"The North Face";"Summit VECTIV Sky"
"2744";"Hoka";"Challenger 7"
"2747";"New Balance";"FuelCell SuperComp Trail"
"2748";"Salomon";"Thundercross"
"2749";"New Balance";"Fresh Foam More Trail v3"
"2752";"Saucony";"Endorphin Rift"
"2753";"Scarpa";"Spin ST"
"2754";"Topo Athletic";"Pursuit"
"2755";"Hoka";"Zinal 2"
"2756";"Altra";"Superior 6"
"2757";"Nike";"React Terra Kiger 9"
"2758";"The North Face";"VECTIV Enduris 3"
"2759";"The North Face";"VECTIV Infinite II"
"2760";"Atom";"Terra"
"2761";"New Balance";"Fresh Foam Garo√©"
"2763";"Mizuno";"Wave Mujin 9"
"2764";"Brooks";"Catamount 2"
"2765";"Salomon";"S-Lab Pulsar 2"
"2766";"Salomon";"S-Lab Pulsar 2 Soft Ground"
"2767";"Asics";"Gel Trabuco 11"
"2768";"Asics";"Trabuco Max 2"
"2769";"Topo Athletic";"Ultraventure 3"
"2770";"CimAlp";"X-Race"
"2773";"New Balance";"Fresh Foam Hierro v7 GTX"
"2774";"Hoka";"Torrent 3"
"2776";"Scott";"Supertrac Amphib"
"2777";"Inov-8";"Parkclaw G 280"
"2778";"Merrell";"Trail Glove 7"
"2779";"Atom";"Terra Sherpa"
"2780";"Inov-8";"TrailFly G 270 v2"
"2781";"Raidlight";"Responsiv Dynamic 2.0"
"2782";"Nike";"Wildhorse 8"
"2785";"Merrell";"Antora 3"
"2787";"Evadict";"MT Cushion 2"
"2788";"Raidlight";"Responsiv XP 2.0"
"2789";"Altra";"Outroad 2"
"2792";"Merrell";"Nova 3"
"2793";"Scarpa";"Ribelle Run XT"
"2797";"Hoka";"Transport"
"2798";"New Balance";"FuelCell Summit Unknown SG"
"2799";"Topo Athletic";"MTN Racer 3"
"2800";"Atom";"Shark Trail"
"2801";"La Sportiva";"Prodigio"
"2802";"La Sportiva";"Levante"
"2803";"Brooks";"Cascadia 17"
"2804";"Adidas";"Terrex Agravic Speed"
"2805";"Adidas";"Terrex Agravic Speed Ultra"
"2806";"Salomon";"Pulsar Trail Pro 3"
"2807";"Brooks";"Catamount Agil"
"2808";"Merrell";"Agility Peak 5"
"2809";"Salomon";"Ultra Flow"
"2810";"Salomon";"Genesis"
"2812";"Evadict";"MT Cushion 2"
"2813";"Mammut";"Aenergy TR BOA Mid"
"2814";"Saucony";"Ultra Ridge GTX"
"2815";"La Sportiva";"Bushido III"
"2816";"Merrell";"MTL Skyfire 2 Matryx"
"2817";"Merrell";"MTL Long Sky 2 Matryx"
"2818";"Scarpa";"Ribelle Run Kalibra ST"
"2819";"Scarpa";"Ribelle Run Kalibra HT"
"2820";"Dynafit";"Alpine DNA 2"
"2821";"Scott";"Supertrac Speed RC"
"2822";"Dynafit";"Ultra Pro 2"
"2823";"Dynafit";"Alpine Pro 2"
"2824";"Dynafit";"Ultra DNA"
"2825";"Scarpa";"Spin Race"
"2826";"Merrell";"Morphlite"
"2828";"Raidlight";"Dynamic 3"
"2829";"Raidlight";"Ultra 4"
"2830";"On";"Cloudsurfer Trail"
"2831";"Asics";"FujiSpeed 2"
"2832";"Asics";"Fuji Lite 4"
"2833";"New Balance";"FuelCell Summit Unknown v4"
"2835";"On";"Cloudultra 2"
"2836";"Joma";"TR-9000"
"2837";"Brooks";"Divide 4"
"2838";"Mizuno";"Wave Rider TT"
"2839";"Mizuno";"Wave Ibuki 4"
"2843";"Salomon";"S-Lab Ultra"
"2844";"OriocX";"Etna 23 Pro"
"2845";"The North Face";"VECTIV Levitum"
"2846";"Topo Athletic";"Terraventure 4"
"2847";"The North Face";"VECTIV Eminus"
"2851";"Merrell";"Agility Peak 5 Zero Gore-Tex"
"2852";"Hoka";"Stinson 7"
"2853";"Joma";"Torca"
"2855";"Lowa";"Citux"
"2856";"Merrell";"Trail Glove 7 Gore-Tex"
"2859";"Lowa";"Amplux"
"2863";"Saucony";"Blaze TR"
"2864";"Joma";"Sierra 6"
"2865";"Lowa";"Fortux"
"2867";"La Sportiva";"Jackal II GTX"
"2868";"Merrell";"Agility Peak 5 Gore-Tex"
"2869";"NNormal";"Kboix"
"2870";"Nike";"Zegama 2"
"2871";"Hoka";"Speedgoat 6"
"2872";"The North Face";"Summit VECTIV Pro 2"
"2873";"Hoka";"Tecton X 3"
"2874";"Altra";"Mont Blanc Carbon"
"2875";"NNormal";"Tomir 2.0"
"2876";"Brooks";"Cascadia 18"
"2877";"Brooks";"Catamount 3"
"2878";"Nike";"Pegasus Trail 5"
"2879";"New Balance";"Fresh Foam Hierro v8"
"2880";"Altra";"Lone Peak 8"
"2881";"Hoka";"Torrent 4"
"2882";"Joma";"TR-6000"
"2883";"Altra";"Experience Wild"
"2884";"Altra";"Olympus 6"
"2885";"Saucony";"Peregrine 14"
"2886";"Saucony";"Xodus Ultra 3"
"2887";"Altra";"Timp 5"
"2888";"Asics";"MetaFuji Trail"
"2889";"Brooks";"Caldera 7"
"2890";"Merrell";"Agility Peak 5 BOA Gore-Tex"
"2891";"The North Face";"Altamesa 300"
"2892";"The North Face";"Altamesa 500"
"2893";"The North Face";"Offtrail TR"
"2894";"The North Face";"Summit Offtrail TR"
"2895";"Salomon";"S-Lab Genesis Spine"
"2896";"Salomon";"S-Lab Pulsar 3"
"2897";"Asics";"Trabuco 12"
"2899";"Speedland";"GS OAK"
"2901";"Asics";"Trabuco Max 3"
"2902";"Kailas";"Fuga EX 3"
"2904";"Scott";"Kinabalu 3"
"2905";"Mizuno";"Wave Daichi 8"
"2906";"Mizuno";"Wave Mujin 10"
"2908";"Joma";"TR-7000"
"2909";"Hoka";"Speedgoat 6 GTX"
"2910";"New Balance";"FuelCell Venym"
"2912";"Atom";"Terra 2.0"
"2913";"Norda";"001"
"2914";"Topo Athletic";"MT-5"
"2915";"The North Face";"Offtrail TR GTX"
"2920";"Ronhill";"Reverence"
"2921";"Mizuno";"Wave Daichi 8 GTX"
"2922";"Topo Athletic";"Pursuit 2"
"2923";"Hoka";"Speedgoat 6 Mid GTX"
"2924";"Norda";"002"
"2925";"Ronhill";"Freedom"
"2927";"Scarpa";"Golden Gate 2 ATR"
"2929";"Salomon";"Reelax Moc 6.0"
"2933";"Atom";"K4"
"2934";"Saucony";"Peregrine RFG"
"2935";"Norda";"001 G+ Spkie"
